ISIN,SEDOL,Share Class,Currency,Date,Price,Price Change,Price Change(%),OCF,Domicile
IE00B246KL88,B246KL8,20+ Year Euro Treasury Index Fund EUR Acc,EUR,2023-05-05,150.0076,-2.6089000000000055,-1.71,0.1600000000000000033306690738754696212708950042724609375,Ireland
IE00BGCZ0L51,BGCZ0L5,20+ Year Euro Treasury Index Fund Institutional Plus EUR Acc,EUR,2023-05-05,72.7187,-1.2644999999999982,-1.71,0.1000000000000000055511151231257827021181583404541015625,Ireland
IE00B246KM95,B246KM9,30-40 Year Duration Euro Index Fund EURO Shares,EUR,2012-11-29,257.2152,4.280899999999974,1.69,0.299999999999999988897769753748434595763683319091796875,Ireland
IE000VIPJ289,BPLGRS8,ESG Developed World All Cap Equity Index Fund CHF Acc,CHF,2023-05-05,92.9197,2.0204000000000093,2.22,0.200000000000000011102230246251565404236316680908203125,Ireland
IE0001RDRUG3,BPLGRT9,ESG Developed World All Cap Equity Index Fund CHF Hedged Acc,CHF,2023-05-05,99.7181,1.5086000000000013,1.54,0.200000000000000011102230246251565404236316680908203125,Ireland
IE00B5456744,B545674,ESG Developed World All Cap Equity Index Fund EUR Acc,EUR,2023-05-05,299.6670,4.437399999999968,1.50,0.200000000000000011102230246251565404236316680908203125,Ireland
IE00B54FFW20,B54FFW2,ESG Developed World All Cap Equity Index Fund EUR Investor Shares,EUR,2020-06-19,230.6856,0.23910000000000764,0.10,0.200000000000000011102230246251565404236316680908203125,Ireland
IE00B76VTN11,B76VTN1,ESG Developed World All Cap Equity Index Fund GBP Acc,GBP,2023-05-05,341.9537,4.041899999999998,1.20,0.200000000000000011102230246251565404236316680908203125,Ireland
IE00B76VTM04,B76VTM0,ESG Developed World All Cap Equity Index Fund GBP Dist,GBP,2023-05-05,283.3713,3.3495000000000346,1.20,0.200000000000000011102230246251565404236316680908203125,Ireland
IE00BFPM9S65,BFPM9S6,ESG Developed World All Cap Equity Index Fund Institutional Plus EUR Acc,EUR,2023-05-05,242.1176,3.5857000000000028,1.50,0.13000000000000000444089209850062616169452667236328125,Ireland
IE00BNDQ1K21,BNDQ1K2,ESG Developed World All Cap Equity Index Fund Institutional Plus EUR Hedged Acc,EUR,2023-05-05,100.2119,1.5264999999999986,1.55,0.13000000000000000444089209850062616169452667236328125,Ireland
IE00BPT2BN12,BPT2BN1,ESG Developed World All Cap Equity Index Fund Institutional Plus GBP Acc,GBP,2023-05-05,231.8477,2.7409000000000106,1.20,0.13000000000000000444089209850062616169452667236328125,Ireland
IE00B505V954,B505V95,ESG Developed World All Cap Equity Index Fund USD Acc,USD,2023-05-05,175.8799,2.6988999999999805,1.56,0.200000000000000011102230246251565404236316680908203125,Ireland
IE000WZLTHJ2,BPLGRV1,ESG Emerging Markets All Cap Equity Index Fund CHF Acc,CHF,2023-05-05,87.4681,0.9564000000000021,1.11,0.25,Ireland
IE00BKV0W243,BKV0W24,ESG Emerging Markets All Cap Equity Index Fund EUR Acc,EUR,2023-05-05,106.7014,0.4186000000000121,0.39,0.25,Ireland
IE00BKV0VZ05,BKV0VZ0,ESG Emerging Markets All Cap Equity Index Fund GBP Acc,GBP,2023-05-05,104.2731,0.09409999999999741,0.09,0.25,Ireland
IE00BKV0W029,BKV0W02,ESG Emerging Markets All Cap Equity Index Fund GBP Dist,GBP,2023-05-05,98.2021,0.08870000000000289,0.09,0.25,Ireland
IE00BNDQ1L38,BNDQ1L3,ESG Emerging Markets All Cap Equity Index Fund Institutional Plus EUR Acc,EUR,2023-05-05,82.8138,0.32500000000000284,0.39,0.179999999999999993338661852249060757458209991455078125,Ireland
IE0005GPVQC0,BL972N5,ESG Emerging Markets All Cap Equity Index Fund Institutional Plus GBP Acc,GBP,2023-05-05,86.1033,0.07789999999999964,0.09,0.179999999999999993338661852249060757458209991455078125,Ireland
IE00BKV0W136,BKV0W13,ESG Emerging Markets All Cap Equity Index Fund Institutional Plus GBP Dist,GBP,2023-05-05,98.1996,0.08880000000000621,0.09,0.179999999999999993338661852249060757458209991455078125,Ireland
IE00BKV0W359,BKV0W35,ESG Emerging Markets All Cap Equity Index Fund USD Acc,USD,2023-05-05,103.4313,0.4619999999999891,0.45,0.25,Ireland
IE00094XDHB2,BMTWZF0,ESG Global Corporate Bond Index Fund CHF Hedged Acc,CHF,2023-05-05,104.9003,-0.31109999999999616,-0.30,0.200000000000000011102230246251565404236316680908203125,Ireland
IE00BNDS0V25,BNDS0V2,ESG Global Corporate Bond Index Fund EUR Hedged Acc,EUR,2023-05-05,105.7842,-0.2995999999999981,-0.28,0.200000000000000011102230246251565404236316680908203125,Ireland
IE00BNDS1195,BNDS119,ESG Global Corporate Bond Index Fund GBP Hedged Acc,GBP,2023-05-05,106.7045,-0.2926000000000073,-0.27,0.200000000000000011102230246251565404236316680908203125,Ireland
IE00BNDS1203,BNDS120,ESG Global Corporate Bond Index Fund GBP Hedged Dist,GBP,2023-05-05,104.7276,-0.28719999999999857,-0.27,0.200000000000000011102230246251565404236316680908203125,Ireland
IE00BNDS1310,BNDS131,ESG Global Corporate Bond Index Fund Institutional Plus GBP Hedged Acc,GBP,2023-05-05,106.7097,-0.29240000000000066,-0.27,0.14000000000000001332267629550187848508358001708984375,Ireland
IE00BNDS1427,BNDS142,ESG Global Corporate Bond Index Fund Institutional Plus GBP Hedged Dist,GBP,2023-05-05,104.7354,-0.28700000000000614,-0.27,0.14000000000000001332267629550187848508358001708984375,Ireland
IE000CI5UY91,BMTWZ94,ESG Global Corporate Bond Index Fund USD Hedged Acc,USD,2023-05-05,107.5200,-0.29000000000000625,-0.27,0.200000000000000011102230246251565404236316680908203125,Ireland
IE000T0AOV55,BP0PQK1,Emerging Markets Bond Fund Institutional CHF Hedged Accumulating,CHF,2023-05-05,88.1147,-0.09900000000000375,-0.11,0.5500000000000000444089209850062616169452667236328125,Ireland
IE00BNNLXF63,BNNLXF6,Emerging Markets Bond Fund Institutional Plus CHF Hedged Accumulating,CHF,2023-05-05,85.3943,-0.09550000000000125,-0.11,0.450000000000000011102230246251565404236316680908203125,Ireland
IE00BKLWXV65,BKLWXV6,Emerging Markets Bond Fund Institutional Plus EUR Hedged Accumulating,EUR,2023-05-05,86.1838,-0.08549999999999613,-0.10,0.450000000000000011102230246251565404236316680908203125,Ireland
IE00BKLWXR20,BKLWXR2,Emerging Markets Bond Fund Institutional Plus GBP Hedged Accumulation,GBP,2023-05-05,90.4032,-0.0835000000000008,-0.09,0.450000000000000011102230246251565404236316680908203125,Ireland
IE00BKLWXN81,BKLWXN8,Emerging Markets Bond Fund Institutional Plus USD Accumulation,USD,2023-05-05,107.0531,-0.09879999999999711,-0.09,0.450000000000000011102230246251565404236316680908203125,Ireland
IE00BKLWXS37,BKLWXS3,Emerging Markets Bond Fund Investor EUR Hedged Accumulation,EUR,2023-05-05,99.2965,-0.09900000000000375,-0.10,0.59999999999999997779553950749686919152736663818359375,Ireland
IE00BKLWXP06,BKLWXP0,Emerging Markets Bond Fund Investor GBP Hedged Accumulation,GBP,2023-05-05,102.3684,-0.0945999999999998,-0.09,0.59999999999999997779553950749686919152736663818359375,Ireland
IE00BKLWXM74,BKLWXM7,Emerging Markets Bond Fund Investor USD Accumulation,USD,2023-05-05,106.5054,-0.09860000000000468,-0.09,0.59999999999999997779553950749686919152736663818359375,Ireland
IE0031786696,3178669,Emerging Markets Stock Index Fund EUR Acc,EUR,2023-05-05,174.5658,0.8975999999999829,0.52,0.2300000000000000099920072216264088638126850128173828125,Ireland
IE0031786142,3178614,Emerging Markets Stock Index Fund EUR Investor Shares,EUR,2023-05-05,173.3847,0.8914000000000044,0.52,0.2300000000000000099920072216264088638126850128173828125,Ireland
IE00B50MZ724,B50MZ72,Emerging Markets Stock Index Fund GBP Acc,GBP,2023-05-05,234.3352,0.49789999999998713,0.21,0.2300000000000000099920072216264088638126850128173828125,Ireland
IE00B51KVT96,B51KVT9,Emerging Markets Stock Index Fund GBP Dist,GBP,2023-05-05,175.6392,0.37309999999999377,0.21,0.2300000000000000099920072216264088638126850128173828125,Ireland
IE00BVYPLM61,BVYPLM6,Emerging Markets Stock Index Fund Institutional Plus CHF Acc,CHF,2023-05-05,111.4887,1.3541999999999916,1.23,0.1600000000000000033306690738754696212708950042724609375,Ireland
IE00BFPM9J74,BFPM9J7,Emerging Markets Stock Index Fund Institutional Plus EUR Acc,EUR,2023-05-05,149.9748,0.7712999999999965,0.52,0.1600000000000000033306690738754696212708950042724609375,Ireland
IE00BPT2BB99,BPT2BB9,Emerging Markets Stock Index Fund Institutional Plus GBP Acc,GBP,2023-05-05,142.8453,0.3037000000000205,0.21,0.1600000000000000033306690738754696212708950042724609375,Ireland
IE00BPT2B978,BPT2B97,Emerging Markets Stock Index Fund Institutional Plus GBP Dist,GBP,2023-05-05,117.5031,0.24989999999999668,0.21,0.1600000000000000033306690738754696212708950042724609375,Ireland
IE00BFPM9H50,BFPM9H5,Emerging Markets Stock Index Fund Institutional Plus USD Acc,USD,2023-05-05,120.6269,0.6859000000000037,0.57,0.1600000000000000033306690738754696212708950042724609375,Ireland
IE0031787223,3178722,Emerging Markets Stock Index Fund USD Acc,USD,2023-05-05,192.1772,1.0922999999999945,0.57,0.2300000000000000099920072216264088638126850128173828125,Ireland
IE0031786928,3178692,Emerging Markets Stock Index Fund USD Investor Shares,USD,2023-05-05,190.8369,1.0847000000000264,0.57,0.2300000000000000099920072216264088638126850128173828125,Ireland
IE000P959QJ6,BPLGRW2,Euro Government Bond Index Fund CHF Hedged Acc,CHF,2023-05-05,91.4948,-0.506699999999995,-0.55,0.11999999999999999555910790149937383830547332763671875,Ireland
IE0007472990,0747299,Euro Government Bond Index Fund EUR Acc,EUR,2023-05-05,200.9337,-1.0989000000000146,-0.54,0.11999999999999999555910790149937383830547332763671875,Ireland
IE0007472115,B5VKC41,Euro Government Bond Index Fund EUR Investor Shares,EUR,2023-05-05,189.4115,-1.035899999999998,-0.54,0.11999999999999999555910790149937383830547332763671875,Ireland
IE00BFRTD722,BFRTD72,Euro Government Bond Index Fund GBP Hedged Acc,GBP,2023-05-05,111.8810,-0.602099999999993,-0.54,0.11999999999999999555910790149937383830547332763671875,Ireland
IE00BFPM9W02,BFPM9W0,Euro Government Bond Index Fund Institutional Plus EUR Acc,EUR,2023-05-05,106.6782,-0.5831999999999908,-0.54,0.059999999999999997779553950749686919152736663818359375,Ireland
IE0032125126,3212512,Euro Government Bond Index Fund USD Acc,USD,2023-05-05,93.5739,-0.46050000000001035,-0.49,0.11999999999999999555910790149937383830547332763671875,Ireland
IE0032369989,3236998,Euro Government Bond Index Fund USD Investor Shares,USD,2020-06-19,254.3691,-0.5497000000000014,-0.22,0.11999999999999999555910790149937383830547332763671875,Ireland
IE00B04FFJ44,B04FFJ4,Euro Investment Grade Bond Index Fund EUR Acc,EUR,2023-05-05,197.5296,-0.1676000000000215,-0.08,0.11999999999999999555910790149937383830547332763671875,Ireland
IE0009591805,B045DB2,Euro Investment Grade Bond Index Fund EUR Investor Shares,EUR,2023-05-05,184.6050,-0.15670000000000073,-0.08,0.11999999999999999555910790149937383830547332763671875,Ireland
IE00BFRTD839,BFRTD83,Euro Investment Grade Bond Index Fund GBP Hedged Acc,GBP,2023-05-05,110.3726,-0.08780000000000143,-0.08,0.11999999999999999555910790149937383830547332763671875,Ireland
IE00BFPM9X19,BFPM9X1,Euro Investment Grade Bond Index Fund Institutional Plus EUR Acc,EUR,2023-05-05,104.6010,-0.08870000000000289,-0.08,0.08000000000000000166533453693773481063544750213623046875,Ireland
IE0007987708,0798770,European Stock Index Fund EUR Acc,EUR,2023-05-05,27.9862,0.3100999999999985,1.12,0.11999999999999999555910790149937383830547332763671875,Ireland
IE0007987690,0798769,European Stock Index Fund EUR Investor Shares,EUR,2023-05-05,27.4519,0.304199999999998,1.12,0.11999999999999999555910790149937383830547332763671875,Ireland
IE00BFPM9L96,BFPM9L9,European Stock Index Fund Institutional Plus EUR Acc,EUR,2023-05-05,190.1025,2.1066999999999894,1.12,0.08000000000000000166533453693773481063544750213623046875,Ireland
IE00BFPM9K89,BFPM9K8,European Stock Index Fund Institutional Plus USD Acc,USD,2023-05-05,151.6522,1.762299999999982,1.18,0.08000000000000000166533453693773481063544750213623046875,Ireland
IE0002639551,0263955,European Stock Index Fund USD Acc,USD,2023-05-05,30.7903,0.35779999999999745,1.18,0.11999999999999999555910790149937383830547332763671875,Ireland
IE0002639445,0263944,European Stock Index Fund USD Investor Shares,USD,2020-06-19,22.1281,0.06899999999999906,0.31,0.11999999999999999555910790149937383830547332763671875,Ireland
IE00B04GQR24,B04GQR2,Eurozone Inflation-Linked Bond Index Fund EUR Acc,EUR,2023-05-05,131.0686,-0.30410000000000537,-0.23,0.11999999999999999555910790149937383830547332763671875,Ireland
IE00BGCZ0719,BGCZ071,Eurozone Inflation-Linked Bond Index Fund Institutional Plus EUR Acc,EUR,2023-05-05,123.6225,-0.2866999999999962,-0.23,0.059999999999999997779553950749686919152736663818359375,Ireland
IE000E69G7V7,BPLGRX3,Eurozone Inflation-Linked Bond Index Fund Institutional Plus EUR Distributing,EUR,2023-05-05,84.4207,-0.1957000000000022,-0.23,0.059999999999999997779553950749686919152736663818359375,Ireland
IE00B04GQQ17,B04GQQ1,Eurozone Inflation-Linked Bond Index Fund Investor Shares,EUR,2023-05-05,150.8627,-0.35009999999999764,-0.23,0.11999999999999999555910790149937383830547332763671875,Ireland
IE0008248803,B62ZBL2,Eurozone Stock Index Fund EUR Acc,EUR,2023-05-05,267.3737,3.5254999999999654,1.34,0.11999999999999999555910790149937383830547332763671875,Ireland
IE00BGCC4585,BGCC458,Eurozone Stock Index Fund Institutional Plus EUR Acc,EUR,2023-05-05,177.1488,2.3359999999999843,1.34,0.08000000000000000166533453693773481063544750213623046875,Ireland
IE00BGCC4478,BGCC447,Eurozone Stock Index Fund Institutional Plus USD Acc,USD,2023-05-05,145.7506,2.0002999999999815,1.39,0.08000000000000000166533453693773481063544750213623046875,Ireland
IE0008248795,B61N418,Eurozone Stock Index Fund Investor Euro Shares,EUR,2023-05-05,231.5727,3.0534000000000106,1.34,0.11999999999999999555910790149937383830547332763671875,Ireland
IE00B02JYG83,B02JYG8,Eurozone Stock Index Fund USD Acc,USD,2023-05-05,294.3181,4.039100000000019,1.39,0.11999999999999999555910790149937383830547332763671875,Ireland
IE00B02JYD52,B02JYD5,Eurozone Stock Index Fund USD Investor Shares,USD,2020-06-19,216.4526,0.20229999999997972,0.09,0.11999999999999999555910790149937383830547332763671875,Ireland
IE00BYMSW692,BYMSW69,FTSE Developed Europe xUK CCF Institutional B GBP Accumulation Units - UK Life Ins Co,GBP,2023-05-05,201.0947,0.48969999999999914,0.24,0.14000000000000001332267629550187848508358001708984375,Ireland
IE00BRK93W89,BRK93W8,FTSE Developed World CCF Institutional B GBP Accumulation Units - UK Charity,GBP,2023-05-05,230.4856,0.5577000000000112,0.24,0.25,Ireland
IE00BRK94038,BRK9403,FTSE Developed World CCF Institutional B GBP Accumulation Units - UK Life Ins. Co.,GBP,2023-05-05,146.7288,0.3550000000000182,0.24,0.25,Ireland
IE00BRK94G96,BRK94G9,FTSE Developed World CCF Institutional B GBP Distributing Units - UK Charity,GBP,2023-05-05,150.5693,0.36429999999998586,0.24,0.25,Ireland
IE00BRK93Z11,BRK93Z1,FTSE Developed World CCF Institutional B GBP Hedged Accumulation Units - UK Charity,GBP,2023-05-05,182.5727,0.7914000000000101,0.44,0.270000000000000017763568394002504646778106689453125,Ireland
IE00BRK94368,BRK9436,FTSE Developed World CCF Institutional B GBP Hedged Accumulation Units - UK Life Ins. Co.,GBP,2023-05-05,177.1846,0.7643999999999949,0.43,0.270000000000000017763568394002504646778106689453125,Ireland
IE00BYMSV959,BYMSV95,FTSE Developed World xUK CCF Institutional B GBP Accumulation Units - UK Life Ins Co,GBP,2023-05-05,230.6607,0.5587999999999909,0.24,0.200000000000000011102230246251565404236316680908203125,Ireland
IE00B2RHVR18,B2RHVR1,Global Bond Index Fund CHF Hedged Acc,CHF,2023-05-05,117.0287,-0.39629999999999654,-0.34,0.1499999999999999944488848768742172978818416595458984375,Ireland
IE00BN6QDG94,BN6QDG9,Global Bond Index Fund CHF Hedged Dist,CHF,2023-05-05,81.4155,-0.2757000000000005,-0.34,0.1499999999999999944488848768742172978818416595458984375,Ireland
IE00B18GC888,B18GC88,Global Bond Index Fund EUR Hedged Acc,EUR,2023-05-05,94.7217,-0.3119000000000085,-0.33,0.1499999999999999944488848768742172978818416595458984375,Ireland
IE00BN6QDH02,BN6QDH0,Global Bond Index Fund EUR Hedged Dist,EUR,2023-05-05,82.4623,-0.27179999999999893,-0.33,0.1499999999999999944488848768742172978818416595458984375,Ireland
IE00B50W2R13,B50W2R1,Global Bond Index Fund GBP Hedged Acc,GBP,2023-05-05,144.4985,-0.4627999999999872,-0.32,0.1499999999999999944488848768742172978818416595458984375,Ireland
IE00B2RHVP93,B2RHVP9,Global Bond Index Fund GBP Hedged Dist,GBP,2023-05-05,119.4761,-0.3825999999999965,-0.32,0.1499999999999999944488848768742172978818416595458984375,Ireland
IE00BGCZ0C60,BGCZ0C6,Global Bond Index Fund Institutional Plus CHF Hedged Acc,CHF,2023-05-05,93.5700,-0.31680000000000064,-0.34,0.1000000000000000055511151231257827021181583404541015625,Ireland
IE00BGCZ0B53,BGCZ0B5,Global Bond Index Fund Institutional Plus EUR Hedged Acc,EUR,2023-05-05,101.8715,-0.3352000000000004,-0.33,0.1000000000000000055511151231257827021181583404541015625,Ireland
IE00BPT2BQ43,BPT2BQ4,Global Bond Index Fund Institutional Plus GBP Hedged Acc,GBP,2023-05-05,107.1531,-0.3430000000000035,-0.32,0.1000000000000000055511151231257827021181583404541015625,Ireland
IE00BPT2BP36,BPT2BP3,Global Bond Index Fund Institutional Plus GBP Hedged Dist,GBP,2023-05-05,92.4271,-0.29590000000000316,-0.32,0.1000000000000000055511151231257827021181583404541015625,Ireland
IE00BGCZ0D77,BGCZ0D7,Global Bond Index Fund Institutional Plus JPY Hedged Acc,JPY,2023-05-05,9031.8510,-30.122599999998783,-0.33,0.1000000000000000055511151231257827021181583404541015625,Ireland
IE00BFPM9Y26,BFPM9Y2,Global Bond Index Fund Institutional Plus USD Hedged Acc,USD,2023-05-05,110.5586,-0.35479999999999734,-0.32,0.1000000000000000055511151231257827021181583404541015625,Ireland
IE00BFXZJ096,BFXZJ09,Global Bond Index Fund Institutional Plus USD Hedged Dist,USD,2023-05-05,95.6758,-0.30700000000000216,-0.32,0.1000000000000000055511151231257827021181583404541015625,Ireland
IE00B43TB865,B43TB86,Global Bond Index Fund Institutional Swiss Franc Hedged (Closed) Shares,CHF,2012-08-24,1.0000,0,0.00,0.25,Ireland
IE00B43TCW70,B43TCW7,Global Bond Index Fund Investor CHF Hedged Shares,CHF,2020-06-19,106.8295,0.028999999999996362,0.03,0.1499999999999999944488848768742172978818416595458984375,Ireland
IE00BGCZ0933,BGCZ093,Global Bond Index Fund Investor EUR Hedged Shares,EUR,2020-06-19,110.2129,0.032400000000009754,0.03,0.1499999999999999944488848768742172978818416595458984375,Ireland
IE00BGCZ0826,BGCZ082,Global Bond Index Fund Investor USD Hedged Shares,USD,2023-05-05,109.8559,-0.3526999999999987,-0.32,0.1499999999999999944488848768742172978818416595458984375,Ireland
IE00B18GC664,B18GC66,Global Bond Index Fund JPY Hedged Acc,JPY,2021-03-23,10796.6299,25.704499999999825,0.24,0.1499999999999999944488848768742172978818416595458984375,Ireland
IE00B18GCB14,B18GCB1,Global Bond Index Fund USD Hedged Acc,USD,2023-05-05,149.8413,-0.48109999999999786,-0.32,0.1499999999999999944488848768742172978818416595458984375,Ireland
IE00BN6QDF87,BN6QDF8,Global Bond Index Fund USD Hedged Dist,USD,2023-05-05,85.9309,-0.27590000000000714,-0.32,0.1499999999999999944488848768742172978818416595458984375,Ireland
IE00BDFB5P87,BDFB5P8,Global Corporate Bond Index Fund CHF Hedged Acc,CHF,2023-05-05,83.8043,-0.2488000000000028,-0.30,0.179999999999999993338661852249060757458209991455078125,Ireland
IE00BDFB5N63,BDFB5N6,Global Corporate Bond Index Fund EUR Hedged Acc,EUR,2023-05-05,84.8949,-0.24099999999999966,-0.28,0.179999999999999993338661852249060757458209991455078125,Ireland
IE00BDFB5M56,BDFB5M5,Global Corporate Bond Index Fund GBP Hedged Acc,GBP,2023-05-05,99.3136,-0.2722000000000122,-0.27,0.179999999999999993338661852249060757458209991455078125,Ireland
IE00BDFB5K33,BDFB5K3,Global Corporate Bond Index Fund GBP Hedged Dist,GBP,2023-05-05,82.4524,-0.2259999999999991,-0.27,0.179999999999999993338661852249060757458209991455078125,Ireland
IE00BDFB5F89,BDFB5F8,Global Corporate Bond Index Fund Institutional Plus EUR Hedged Acc,EUR,2023-05-05,95.9306,-0.272199999999998,-0.28,0.11999999999999999555910790149937383830547332763671875,Ireland
IE00BDFB5D65,BDFB5D6,Global Corporate Bond Index Fund Institutional Plus GBP Hedged Acc,GBP,2023-05-05,99.8139,-0.2733999999999952,-0.27,0.11999999999999999555910790149937383830547332763671875,Ireland
IE000MRSHTF3,BMYZ8F5,Global Corporate Bond Index Fund Institutional Plus GBP Hedged Dist,GBP,2023-05-05,101.6388,-0.2785999999999973,-0.27,0.11999999999999999555910790149937383830547332763671875,Ireland
IE00BDFB5T26,BDFB5T2,Global Corporate Bond Index Fund USD Hedged Acc,USD,2023-05-05,106.6040,-0.2943000000000069,-0.28,0.179999999999999993338661852249060757458209991455078125,Ireland
IE000389U7O4,BL972P7,Global Credit Bond Fund Institutional AUD Hedged Dist,AUD,2023-05-05,84.7619,-0.2370999999999981,-0.28,0.299999999999999988897769753748434595763683319091796875,Ireland
IE00BJHGQZ02,BJHGQZ0,Global Credit Bond Fund Institutional AUD Hedged Shares,AUD,2023-05-05,98.7113,-0.2763000000000062,-0.28,0.299999999999999988897769753748434595763683319091796875,Ireland
IE0007RE1E54,BP0PQN4,Global Credit Bond Fund Institutional CHF Hedged Accumulation,CHF,2023-05-05,89.6554,-0.2621000000000038,-0.29,0.299999999999999988897769753748434595763683319091796875,Ireland
IE00BF7MPP31,BF7MPP3,Global Credit Bond Fund Institutional EUR Hedged Shares,EUR,2023-05-05,102.3376,-0.2927999999999997,-0.29,0.299999999999999988897769753748434595763683319091796875,Ireland
IE0007XHW766,BP0PQR8,Global Credit Bond Fund Institutional GBP Hedged Accumulation,GBP,2023-05-05,92.0717,-0.25799999999999557,-0.28,0.299999999999999988897769753748434595763683319091796875,Ireland
IE00BF7MPN17,BF7MPN1,Global Credit Bond Fund Institutional USD Hedged Shares,USD,2023-05-05,115.4989,-0.32099999999999795,-0.28,0.299999999999999988897769753748434595763683319091796875,Ireland
IE00BYV1RG46,BYV1RG4,Global Credit Bond Fund Investor GBP Hedged Accumulation Shares,GBP,2023-05-05,107.8525,-0.30239999999999156,-0.28,0.34999999999999997779553950749686919152736663818359375,Ireland
IE00BYV1RH52,BYV1RH5,Global Credit Bond Fund Investor GBP Hedged Income Shares,GBP,2023-05-05,91.3741,-0.25620000000000687,-0.28,0.34999999999999997779553950749686919152736663818359375,Ireland
IE00BYV1RD15,BYV1RD1,Global Credit Bond Fund Investor USD Hedged Shares,USD,2023-05-05,115.1738,-0.3201999999999998,-0.28,0.34999999999999997779553950749686919152736663818359375,Ireland
IE00B1P1JL82,B1P1JL8,Global Enhanced Equity Fund USD Institutional Shares,USD,2021-01-14,206.7182,0.3978999999999928,0.19,0.5,Ireland
IE00BH65QQ53,BH65QQ5,Global Short-Term Bond Index Fund CHF Hedged Acc,CHF,2023-05-05,92.7962,-0.20980000000000132,-0.23,0.1499999999999999944488848768742172978818416595458984375,Ireland
IE00BH65QP47,BH65QP4,Global Short-Term Bond Index Fund EUR Hedged Acc,EUR,2023-05-05,97.5984,-0.21240000000000236,-0.22,0.1499999999999999944488848768742172978818416595458984375,Ireland
IE00BH65QG55,BH65QG5,Global Short-Term Bond Index Fund GBP Hedged Acc,GBP,2023-05-05,106.3869,-0.2237999999999971,-0.21,0.1499999999999999944488848768742172978818416595458984375,Ireland
IE00BH65QH62,BH65QH6,Global Short-Term Bond Index Fund GBP Hedged Dist,GBP,2023-05-05,97.1928,-0.2043999999999926,-0.21,0.1499999999999999944488848768742172978818416595458984375,Ireland
IE00BH65QV07,BH65QV0,Global Short-Term Bond Index Fund Institutional Plus CHF Hedged Acc,CHF,2023-05-05,93.3950,-0.21110000000000184,-0.23,0.1000000000000000055511151231257827021181583404541015625,Ireland
IE00BH65QT84,BH65QT8,Global Short-Term Bond Index Fund Institutional Plus EUR Hedged Acc,EUR,2023-05-05,98.0288,-0.21309999999999718,-0.22,0.1000000000000000055511151231257827021181583404541015625,Ireland
IE00BPT2BZ34,BPT2BZ3,Global Short-Term Bond Index Fund Institutional Plus GBP Hedged Acc,GBP,2023-05-05,105.4257,-0.22169999999999845,-0.21,0.1000000000000000055511151231257827021181583404541015625,Ireland
IE00BPT2BY27,BPT2BY2,Global Short-Term Bond Index Fund Institutional Plus GBP Hedged Dist,GBP,2023-05-05,96.3808,-0.20250000000000057,-0.21,0.1000000000000000055511151231257827021181583404541015625,Ireland
IE00BH65QW14,BH65QW1,Global Short-Term Bond Index Fund Institutional Plus JPY Hedged Shares,JPY,2018-09-13,9825.4204,-2.4863470000000234,-0.03,0.1000000000000000055511151231257827021181583404541015625,Ireland
IE00BH65QS77,BH65QS7,Global Short-Term Bond Index Fund Institutional Plus USD Hedged Acc,USD,2023-05-05,110.9800,-0.23269999999999413,-0.21,0.1000000000000000055511151231257827021181583404541015625,Ireland
IE00BH65QL09,BH65QL0,Global Short-Term Bond Index Fund Investor CHF Hedged Shares,CHF,2020-06-19,100.3827,0.011899999999997135,0.01,0.1499999999999999944488848768742172978818416595458984375,Ireland
IE00BH65QK91,BH65QK9,Global Short-Term Bond Index Fund Investor EUR Hedged Shares,EUR,2023-05-05,97.3761,-0.21189999999999998,-0.22,0.1499999999999999944488848768742172978818416595458984375,Ireland
IE00BH65QJ86,BH65QJ8,Global Short-Term Bond Index Fund Investor USD Hedged Shares,USD,2020-06-19,112.9847,0.01680000000000348,0.01,0.1499999999999999944488848768742172978818416595458984375,Ireland
IE00BH65QN23,BH65QN2,Global Short-Term Bond Index Fund USD Hedged Acc,USD,2023-05-05,112.8511,-0.23669999999999902,-0.21,0.1499999999999999944488848768742172978818416595458984375,Ireland
IE00BN71SS04,BN71SS0,Global Short-Term Bond Index Fund USD Hedged Dist,USD,2023-05-05,94.7494,-0.19880000000000564,-0.21,0.1499999999999999944488848768742172978818416595458984375,Ireland
IE00BDFB7290,BDFB729,Global Short-Term Corporate Bond Index Fund EUR Hedged Acc,EUR,2023-05-05,95.3402,-0.21000000000000796,-0.22,0.179999999999999993338661852249060757458209991455078125,Ireland
IE00BDFB7639,BDFB763,Global Short-Term Corporate Bond Index Fund GBP Hedged Acc,GBP,2023-05-05,101.6923,-0.21689999999999543,-0.21,0.179999999999999993338661852249060757458209991455078125,Ireland
IE00BDFB6X37,BDFB6X3,Global Short-Term Corporate Bond Index Fund Institutional Plus EUR Hedged Acc,EUR,2023-05-05,97.6751,-0.21479999999999677,-0.22,0.11999999999999999555910790149937383830547332763671875,Ireland
IE00BDFB6W20,BDFB6W2,Global Short-Term Corporate Bond Index Fund Institutional Plus GBP Hedged Acc,GBP,2023-05-05,102.1243,-0.2172999999999945,-0.21,0.11999999999999999555910790149937383830547332763671875,Ireland
IE00BDFB7308,BDFB730,Global Short-Term Corporate Bond Index Fund USD Hedged Acc,USD,2023-05-05,108.0235,-0.2296000000000049,-0.21,0.179999999999999993338661852249060757458209991455078125,Ireland
IE00B42W4L06,B42W4L0,Global Small-Cap Index Fund EUR Acc,EUR,2023-05-05,270.0555,4.368600000000015,1.64,0.289999999999999980015985556747182272374629974365234375,Ireland
IE00BDCXSH02,BDCXSH0,Global Small-Cap Index Fund EUR Dist,EUR,2023-05-05,125.3644,2.028000000000006,1.64,0.289999999999999980015985556747182272374629974365234375,Ireland
IE00B42W3S00,B42W3S0,Global Small-Cap Index Fund EUR Investor Shares,EUR,2023-05-05,280.6626,4.540099999999995,1.64,0.289999999999999980015985556747182272374629974365234375,Ireland
IE00B3X1NT05,B3X1NT0,Global Small-Cap Index Fund GBP Acc,GBP,2023-05-05,369.6831,4.877300000000048,1.34,0.289999999999999980015985556747182272374629974365234375,Ireland
IE00B3X1LS57,B3X1LS5,Global Small-Cap Index Fund GBP Dist,GBP,2023-05-05,306.1632,4.039199999999994,1.34,0.289999999999999980015985556747182272374629974365234375,Ireland
IE00BFRTDD83,BFRTDD8,Global Small-Cap Index Fund Institutional Plus EUR Acc,EUR,2023-05-05,219.9660,3.5586000000000126,1.64,0.2399999999999999911182158029987476766109466552734375,Ireland
IE00BPT2BD14,BPT2BD1,Global Small-Cap Index Fund Institutional Plus GBP Acc,GBP,2023-05-05,213.6914,2.8194999999999766,1.34,0.2399999999999999911182158029987476766109466552734375,Ireland
IE00BPT2BC07,BPT2BC0,Global Small-Cap Index Fund Institutional Plus GBP Dist,GBP,2023-05-05,187.5459,2.474599999999981,1.34,0.2399999999999999911182158029987476766109466552734375,Ireland
IE00BGCC4V47,BGCC4V4,Global Small-Cap Index Fund Institutional Plus USD Shares,USD,2018-09-13,141.9079,0.09694500000000517,0.07,0.299999999999999988897769753748434595763683319091796875,Ireland
IE00BGCC4817,BGCC481,Global Small-Cap Index Fund Investor USD Shares,USD,2020-06-19,127.7019,-0.537700000000001,-0.42,0.289999999999999980015985556747182272374629974365234375,Ireland
IE00B42LF923,B42LF92,Global Small-Cap Index Fund USD Acc,USD,2023-05-05,309.2474,5.16840000000002,1.70,0.289999999999999980015985556747182272374629974365234375,Ireland
IE00B03HD191,B03HD19,Global Stock Index Fund EUR Acc,EUR,2023-05-05,36.3316,0.5364000000000004,1.50,0.179999999999999993338661852249060757458209991455078125,Ireland
IE00B03HD316,B03HD31,Global Stock Index Fund EUR Hedged Acc,EUR,2023-05-05,26.3400,0.3954999999999984,1.52,0.179999999999999993338661852249060757458209991455078125,Ireland
IE00B03HCZ61,B03HCZ6,Global Stock Index Fund EUR Investor Shares,EUR,2023-05-05,35.8286,0.5290000000000035,1.50,0.179999999999999993338661852249060757458209991455078125,Ireland
IE00BFPM9N11,BFPM9N1,Global Stock Index Fund Institutional Plus EUR Acc,EUR,2023-05-05,257.2403,3.7983999999999867,1.50,0.11000000000000000055511151231257827021181583404541015625,Ireland
IE00BYVQ3L68,BYVQ3L6,Global Stock Index Fund Institutional Plus GBP Acc,GBP,2023-05-05,158.3910,1.8656000000000006,1.19,0.11000000000000000055511151231257827021181583404541015625,Ireland
IE00BFPM9M04,BFPM9M0,Global Stock Index Fund Institutional Plus USD Acc,USD,2023-05-05,206.1271,3.1544000000000096,1.55,0.11000000000000000055511151231257827021181583404541015625,Ireland
IE00BYVQ3K51,BYVQ3K5,Global Stock Index Fund Institutional Plus USD Dist,USD,2023-05-05,150.5695,2.3042000000000087,1.55,0.11000000000000000055511151231257827021181583404541015625,Ireland
IE00B03HD209,B03HD20,Global Stock Index Fund USD Acc,USD,2023-05-05,40.1747,0.6148000000000025,1.55,0.179999999999999993338661852249060757458209991455078125,Ireland
IE00BF6T7P95,BF6T7P9,Global Stock Index Fund USD Dist,USD,2023-05-05,132.5585,2.0283000000000015,1.55,0.179999999999999993338661852249060757458209991455078125,Ireland
IE00B03HD084,B03HD08,Global Stock Index Fund USD Investor Shares,USD,2023-05-05,39.4459,0.6036000000000001,1.55,0.179999999999999993338661852249060757458209991455078125,Ireland
IE00BLPJRH48,BLPJRH4,Japan Government Bond Index Fund EUR Hedged Acc,EUR,2023-05-05,96.3244,0.01659999999999684,0.02,0.11999999999999999555910790149937383830547332763671875,Ireland
IE00BFRTD946,BFRTD94,Japan Government Bond Index Fund GBP Hedged Acc,GBP,2023-05-05,113.9611,0.02020000000000266,0.02,0.11999999999999999555910790149937383830547332763671875,Ireland
IE00BJDQNK87,BJDQNK8,Japan Government Bond Index Fund Institutional Plus EUR Hedged Acc,EUR,2023-05-05,95.2854,0.01659999999999684,0.02,0.059999999999999997779553950749686919152736663818359375,Ireland
IE00BJ06F500,BJ06F50,Japan Government Bond Index Fund Institutional Plus GBP Hedged Dist,GBP,2023-05-05,97.8163,0.017600000000001614,0.02,0.059999999999999997779553950749686919152736663818359375,Ireland
IE00BGCZ0H16,BGCZ0H1,Japan Government Bond Index Fund Institutional Plus JPY Acc,JPY,2023-05-05,10425.3075,0.18879999999990105,0.00,0.059999999999999997779553950749686919152736663818359375,Ireland
IE00BZ04LN61,BZ04LN6,Japan Government Bond Index Fund Institutional Plus JPY Income Shares,JPY,2018-01-29,10336.8081,-13.333792000001267,-0.13,0.1000000000000000055511151231257827021181583404541015625,Ireland
IE00BJ06F617,BJ06F61,Japan Government Bond Index Fund Institutional Plus USD Hedged Acc,USD,2023-05-05,99.9945,0.02360000000000184,0.02,0.059999999999999997779553950749686919152736663818359375,Ireland
IE0033005699,3300569,Japan Government Bond Index Fund JPY Acc,JPY,2023-05-05,15798.5064,0.26009999999951106,0.00,0.11999999999999999555910790149937383830547332763671875,Ireland
IE0032915583,3300558,Japan Government Bond Index Fund JPY Investor Shares,JPY,2020-06-19,16397.6114,-4.870599999998376,-0.03,0.11999999999999999555910790149937383830547332763671875,Ireland
IE0032915443,3291544,Japan Government Bond Index Fund USD Acc,USD,2023-05-05,92.2050,-0.6871000000000009,-0.74,0.11999999999999999555910790149937383830547332763671875,Ireland
IE0032915336,3291533,Japan Government Bond Index USD Investor,USD,2020-06-19,153.1399,-0.33959999999999013,-0.22,0.11999999999999999555910790149937383830547332763671875,Ireland
IE0007286036,0728603,Japan Stock Index Fund EUR Acc,EUR,2023-05-05,229.0005,-1.8367000000000075,-0.80,0.1600000000000000033306690738754696212708950042724609375,Ireland
IE00B50MZ948,B50MZ94,Japan Stock Index Fund GBP Acc,GBP,2023-05-05,265.0795,-2.936300000000017,-1.10,0.1600000000000000033306690738754696212708950042724609375,Ireland
IE00B51KW525,B51KW52,Japan Stock Index Fund GBP Dist,GBP,2023-05-05,211.9885,-2.348300000000023,-1.10,0.1600000000000000033306690738754696212708950042724609375,Ireland
IE00BFPM9P35,BFPM9P3,Japan Stock Index Fund Institutional Plus EUR Acc,EUR,2023-05-05,185.5749,-1.4881999999999778,-0.80,0.11999999999999999555910790149937383830547332763671875,Ireland
IE00BPT2BG45,BPT2BG4,Japan Stock Index Fund Institutional Plus GBP Acc,GBP,2023-05-05,190.8102,-2.1133999999999844,-1.10,0.11999999999999999555910790149937383830547332763671875,Ireland
IE00BPT2BF38,BPT2BF3,Japan Stock Index Fund Institutional Plus GBP Dist,GBP,2023-05-05,164.6226,-1.8233999999999924,-1.10,0.11999999999999999555910790149937383830547332763671875,Ireland
IE00BGCC5F53,BGCC5F5,Japan Stock Index Fund Institutional Plus JPY Acc,JPY,2023-05-05,19918.3234,-0.025200000000040745,0.00,0.11999999999999999555910790149937383830547332763671875,Ireland
IE00BGCC5335,BGCC533,Japan Stock Index Fund Institutional Plus USD Acc,USD,2023-05-05,133.2990,-0.9956999999999994,-0.74,0.11999999999999999555910790149937383830547332763671875,Ireland
IE0007281425,0728142,Japan Stock Index Fund Investor Euro Shares,EUR,2023-05-05,228.0700,-1.8292000000000144,-0.80,0.1600000000000000033306690738754696212708950042724609375,Ireland
IE0033862800,3386280,Japan Stock Index Fund Investor JPY Shares,JPY,2023-05-05,33654.5569,-0.0797999999995227,0.00,0.1600000000000000033306690738754696212708950042724609375,Ireland
IE0033862917,3386291,Japan Stock Index Fund JPY Acc,JPY,2023-05-05,15672.7464,-0.03720000000066648,0.00,0.1600000000000000033306690738754696212708950042724609375,Ireland
IE0007292422,0729242,Japan Stock Index Fund USD Acc,USD,2023-05-05,252.1052,-1.8833999999999946,-0.74,0.1600000000000000033306690738754696212708950042724609375,Ireland
IE0007292083,0729208,Japan Stock Index Fund USD Investor Shares,USD,2023-05-05,248.6310,-1.8574999999999875,-0.74,0.1600000000000000033306690738754696212708950042724609375,Ireland
IE0007201043,0720104,Pacific ex-Japan Stock Index EUR Investor Shares,EUR,2020-06-19,209.8987,0.7784999999999798,0.37,0.1600000000000000033306690738754696212708950042724609375,Ireland
IE00B0FP7Q41,B0FP7Q4,Pacific ex-Japan Stock Index Fund AUD Acc,AUD,2023-05-05,141.4618,-0.40169999999997685,-0.28,0.1600000000000000033306690738754696212708950042724609375,Ireland
IE0007201266,0720126,Pacific ex-Japan Stock Index Fund EUR Acc,EUR,2023-05-05,262.9747,1.9271999999999707,0.74,0.1600000000000000033306690738754696212708950042724609375,Ireland
IE00B523L313,B523L31,Pacific ex-Japan Stock Index Fund GBP Acc,GBP,2023-05-05,340.0448,1.468400000000031,0.43,0.1600000000000000033306690738754696212708950042724609375,Ireland
IE00B523L081,B523L08,Pacific ex-Japan Stock Index Fund GBP Dist,GBP,2023-05-05,199.4422,0.8613,0.43,0.1600000000000000033306690738754696212708950042724609375,Ireland
IE00BGCC5G60,BGCC5G6,Pacific ex-Japan Stock Index Fund Institutional Plus EUR Acc,EUR,2023-05-05,172.2636,1.262599999999992,0.74,0.11999999999999999555910790149937383830547332763671875,Ireland
IE00BPT2BJ75,BPT2BJ7,Pacific ex-Japan Stock Index Fund Institutional Plus GBP Acc,GBP,2023-05-05,163.5392,0.7064000000000021,0.43,0.11999999999999999555910790149937383830547332763671875,Ireland
IE00BPT2BH51,BPT2BH5,Pacific ex-Japan Stock Index Fund Institutional Plus GBP Dist,GBP,2023-05-05,117.4013,0.5071000000000083,0.43,0.11999999999999999555910790149937383830547332763671875,Ireland
IE00BFPM9Q42,BFPM9Q4,Pacific ex-Japan Stock Index Fund Institutional Plus USD Acc,USD,2023-05-05,140.9320,1.109199999999987,0.79,0.11999999999999999555910790149937383830547332763671875,Ireland
IE0007193067,0719306,Pacific ex-Japan Stock Index Fund Investor USD Shares,USD,2020-06-19,112.5311,0.05649999999999977,0.05,0.1600000000000000033306690738754696212708950042724609375,Ireland
IE0007218849,0721884,Pacific ex-Japan Stock Index Fund USD Acc,USD,2023-05-05,289.4096,2.277500000000032,0.79,0.1600000000000000033306690738754696212708950042724609375,Ireland
IE00BYSX5D68,BYSX5D6,SRI Euro Investment Grade Bond Index Fund EUR Acc,EUR,2023-05-05,92.2305,-0.3200999999999965,-0.35,0.1600000000000000033306690738754696212708950042724609375,Ireland
IE00BYSX5L43,BYSX5L4,SRI Euro Investment Grade Bond Index Fund Institutional Plus EUR Acc,EUR,2023-05-05,91.0071,-0.3158000000000101,-0.35,0.11999999999999999555910790149937383830547332763671875,Ireland
IE00B526YN16,B526YN1,SRI European Stock Fund EUR Acc,EUR,2023-05-05,263.3917,2.972000000000037,1.14,0.14000000000000001332267629550187848508358001708984375,Ireland
IE00B76VTL96,B76VTL9,SRI European Stock Fund GBP Acc,GBP,2023-05-05,259.7457,2.1521000000000186,0.84,0.14000000000000001332267629550187848508358001708984375,Ireland
IE00B76VTR58,B76VTR5,SRI European Stock Fund GBP Dist,GBP,2023-05-05,186.3920,1.5442999999999927,0.84,0.14000000000000001332267629550187848508358001708984375,Ireland
IE00BFPM9R58,BFPM9R5,SRI European Stock Fund Institutional Plus EUR Acc,EUR,2023-05-05,189.1660,2.1347000000000094,1.14,0.1000000000000000055511151231257827021181583404541015625,Ireland
IE00BPT2BK80,BPT2BK8,SRI European Stock Fund Institutional Plus GBP Income Shares,GBP,2018-09-13,121.0233,-0.5777009999999905,-0.48,0.200000000000000011102230246251565404236316680908203125,Ireland
IE00B54G0867,B54G086,SRI European Stock Fund Investor EUR Shares,EUR,2020-06-19,189.9338,1.148399999999981,0.61,0.14000000000000001332267629550187848508358001708984375,Ireland
IE00B4Z8LP80,B4Z8LP8,SRI European Stock Fund USD Acc,USD,2023-05-05,142.0372,1.6792000000000087,1.20,0.14000000000000001332267629550187848508358001708984375,Ireland
IE00BPT2BM05,BPT2BM0,SRI Global Stock Fund Institutional Plus GBP Income Shares,GBP,2018-09-13,154.5831,-0.1835219999999822,-0.12,0.25,Ireland
IE0007200417,0720041,Switzerland Stock Index Fund CHF Institutional Shares,CHF,2014-11-19,291.5946,0.3702000000000112,0.13,0.299999999999999988897769753748434595763683319091796875,Ireland
IE00BLPJRG31,BLPJRG3,U.K. Government Bond Index Fund EUR Hedged Acc,EUR,2023-05-05,68.6569,-0.5205000000000126,-0.75,0.11999999999999999555910790149937383830547332763671875,Ireland
IE00B1S75374,B1S7537,U.K. Government Bond Index Fund GBP Acc,GBP,2023-05-05,132.0447,-0.9865000000000066,-0.74,0.11999999999999999555910790149937383830547332763671875,Ireland
IE00B1S75820,B1S7582,U.K. Government Bond Index Fund GBP Dist,GBP,2023-05-05,101.1557,-0.7558000000000078,-0.74,0.11999999999999999555910790149937383830547332763671875,Ireland
IE00BPT2BS66,BPT2BS6,U.K. Government Bond Index Fund Institutional Plus GBP Acc,GBP,2023-05-05,98.5470,-0.7361000000000075,-0.74,0.059999999999999997779553950749686919152736663818359375,Ireland
IE00BPT2BR59,BPT2BR5,U.K. Government Bond Index Fund Institutional Plus GBP Dist,GBP,2023-05-05,87.0499,-0.6502000000000123,-0.74,0.059999999999999997779553950749686919152736663818359375,Ireland
IE00B1S75150,B1S7515,U.K. Government Bond Index Fund Institutional USD Shares,USD,2018-09-13,94.3902,0.3179139999999876,0.34,0.1499999999999999944488848768742172978818416595458984375,Ireland
IE00B1S74Q32,B1S74Q3,U.K. Investment Grade Bond Index Fund GBP Acc,GBP,2023-05-05,89.5501,-0.42730000000000246,-0.47,0.11999999999999999555910790149937383830547332763671875,Ireland
IE00B1S74W91,B1S74W9,U.K. Investment Grade Bond Index Fund GBP Dist,GBP,2023-05-05,49.0813,-0.2342000000000013,-0.47,0.11999999999999999555910790149937383830547332763671875,Ireland
IE00BPT2BV95,BPT2BV9,U.K. Investment Grade Bond Index Fund Institutional Plus GBP Acc,GBP,2023-05-05,114.5817,-0.546599999999998,-0.47,0.059999999999999997779553950749686919152736663818359375,Ireland
IE00BPT2BT73,BPT2BT7,U.K. Investment Grade Bond Index Fund Institutional Plus GBP Dist,GBP,2023-05-05,91.1489,-0.43479999999999563,-0.47,0.059999999999999997779553950749686919152736663818359375,Ireland
IE00B9M1BB17,B9M1BB1,U.K. Short-Term Investment Grade Bond Index Fund GBP Acc,GBP,2023-05-05,109.7890,-0.2150000000000034,-0.20,0.11999999999999999555910790149937383830547332763671875,Ireland
IE00B95W7137,B95W713,U.K. Short-Term Investment Grade Bond Index Fund GBP Dist,GBP,2023-05-05,94.1636,-0.18439999999999657,-0.20,0.11999999999999999555910790149937383830547332763671875,Ireland
IE00BPT2BX10,BPT2BX1,U.K. Short-Term Investment Grade Bond Index Fund Institutional Plus GBP Acc,GBP,2023-05-05,108.0891,-0.2115000000000009,-0.20,0.05000000000000000277555756156289135105907917022705078125,Ireland
IE00BPT2BW03,BPT2BW0,U.K. Short-Term Investment Grade Bond Index Fund Institutional Plus GBP Dist,GBP,2023-05-05,94.2832,-0.1844999999999999,-0.20,0.05000000000000000277555756156289135105907917022705078125,Ireland
IE0032126645,3212664,U.S. 500 Stock Index Fund EUR Acc,EUR,2023-05-05,44.5892,0.7864000000000004,1.80,0.1000000000000000055511151231257827021181583404541015625,Ireland
IE00B1G3DH73,B1G3DH7,U.S. 500 Stock Index Fund EUR Hedged Acc,EUR,2023-05-05,29.4915,0.5357999999999983,1.85,0.1000000000000000055511151231257827021181583404541015625,Ireland
IE00BFPM9V94,BFPM9V9,U.S. 500 Stock Index Fund Institutional Plus EUR Acc,EUR,2023-05-05,321.7440,5.6749000000000365,1.80,0.059999999999999997779553950749686919152736663818359375,Ireland
IE00BFPM9T72,BFPM9T7,U.S. 500 Stock Index Fund Institutional Plus USD Acc,USD,2023-05-05,258.0292,4.689400000000006,1.85,0.059999999999999997779553950749686919152736663818359375,Ireland
IE0032620787,3262078,U.S. 500 Stock Index Fund Investor EUR Shares,EUR,2023-05-05,43.6888,0.7706000000000017,1.80,0.1000000000000000055511151231257827021181583404541015625,Ireland
IE0002639775,0263977,U.S. 500 Stock Index Fund USD Acc,USD,2023-05-05,49.0659,0.8917000000000002,1.85,0.1000000000000000055511151231257827021181583404541015625,Ireland
IE0002639668,0263966,U.S. 500 Stock Index Fund USD Investor Shares,USD,2023-05-05,48.0795,0.8738000000000028,1.85,0.1000000000000000055511151231257827021181583404541015625,Ireland
IE00B1L8DT90,B1L8DT9,U.S. Discoveries Fund GBP Investor Shares,GBP,2017-05-22,277.9980,2.438699999999983,0.89,0.84999999999999997779553950749686919152736663818359375,Ireland
IE0034156459,3415645,U.S. Discoveries Fund USD Investor Shares,USD,2017-05-22,363.3397,2.9382999999999697,0.82,0.84999999999999997779553950749686919152736663818359375,Ireland
IE00B4NDXJ38,B4NDXJ3,U.S. Equity Index Common Contractual Fund B GBP Accumulation Shares,GBP,2023-05-05,503.5219,0.4574000000000069,0.09,0.200000000000000011102230246251565404236316680908203125,Ireland
IE00B1L8DW20,B1L8DW2,U.S. Fundamental Value Fund GBP Investor Dist Shares,GBP,2020-10-08,116.7637,1.343999999999994,1.16,0.9499999999999999555910790149937383830547332763671875,Ireland
IE0034156905,3415690,U.S. Fundamental Value Fund Investor Share,USD,2020-10-08,173.2155,2.3910999999999945,1.40,0.9499999999999999555910790149937383830547332763671875,Ireland
IE00B02YVC81,B02YVC8,U.S. Futures Fund USD Investor Shares,USD,2014-11-19,247.2409,-0.44369999999997844,-0.18,0.25,Ireland
IE00077YXI85,BPLGRY4,U.S. Government Bond Index Fund CHF Hedged Acc,CHF,2023-05-05,96.2642,-0.38989999999999725,-0.40,0.11999999999999999555910790149937383830547332763671875,Ireland
IE0007471471,0747147,U.S. Government Bond Index Fund EUR Hedged Acc,EUR,2023-05-05,88.7908,-0.3515000000000015,-0.39,0.11999999999999999555910790149937383830547332763671875,Ireland
IE00BD6D4566,BD6D456,U.S. Government Bond Index Fund GBP Dist,GBP,2023-05-05,98.9229,-0.7394000000000034,-0.74,0.11999999999999999555910790149937383830547332763671875,Ireland
IE00BFRTDB69,BFRTDB6,U.S. Government Bond Index Fund GBP Hedged Acc,GBP,2023-05-05,103.3219,-0.4000999999999948,-0.39,0.11999999999999999555910790149937383830547332763671875,Ireland
IE00BDD0SS10,BDD0SS1,U.S. Government Bond Index Fund GBP Hedged Dist,GBP,2023-05-05,90.5954,-0.35089999999999577,-0.39,0.11999999999999999555910790149937383830547332763671875,Ireland
IE00BF6T7R10,BF6T7R1,U.S. Government Bond Index Fund Institutional Plus EUR Hedged Acc,EUR,2023-05-05,91.6900,-0.36360000000000525,-0.39,0.059999999999999997779553950749686919152736663818359375,Ireland
IE00BFPM9Z33,BFPM9Z3,U.S. Government Bond Index Fund Institutional Plus USD Acc,USD,2023-05-05,111.5589,-0.4328000000000003,-0.39,0.059999999999999997779553950749686919152736663818359375,Ireland
IE0007471927,0747192,U.S. Government Bond Index Fund USD Acc,USD,2023-05-05,187.6855,-0.7284000000000219,-0.39,0.11999999999999999555910790149937383830547332763671875,Ireland
IE0007471695,0747169,U.S. Government Bond Index Fund USD Investor Shares,USD,2023-05-05,184.6795,-0.7168000000000063,-0.39,0.11999999999999999555910790149937383830547332763671875,Ireland
IE00B04GQT48,B04GQT4,U.S. Investment Grade Credit Index Fund EUR Acc,EUR,2023-05-05,244.4870,-0.7497999999999934,-0.31,0.11999999999999999555910790149937383830547332763671875,Ireland
IE00BFRTDC76,BFRTDC7,U.S. Investment Grade Credit Index Fund GBP Hedged Acc,GBP,2023-05-05,114.5387,-0.287399999999991,-0.25,0.11999999999999999555910790149937383830547332763671875,Ireland
IE00BFPMB139,BFPMB13,U.S. Investment Grade Credit Index Fund Institutional Plus EUR Acc,EUR,2023-05-05,156.6117,-0.4800999999999931,-0.31,0.08000000000000000166533453693773481063544750213623046875,Ireland
IE00BZ04LQ92,BZ04LQ9,U.S. Investment Grade Credit Index Fund Institutional Plus EUR Hedged Acc,EUR,2023-05-05,101.0350,-0.2622000000000071,-0.26,0.08000000000000000166533453693773481063544750213623046875,Ireland
IE00BD07TS20,BD07TS2,U.S. Investment Grade Credit Index Fund Institutional Plus GBP Hedged Acc,GBP,2023-05-05,101.0853,-0.2535999999999916,-0.25,0.08000000000000000166533453693773481063544750213623046875,Ireland
IE00BDBBNM56,BDBBNM5,U.S. Investment Grade Credit Index Fund Institutional Plus GBP Hedged Dist,GBP,2023-05-05,82.0292,-0.2056999999999931,-0.25,0.08000000000000000166533453693773481063544750213623046875,Ireland
IE00BFPMB022,BFPMB02,U.S. Investment Grade Credit Index Fund Institutional Plus USD Acc,USD,2023-05-05,126.3653,-0.3182999999999936,-0.25,0.08000000000000000166533453693773481063544750213623046875,Ireland
IE00BZ04LP85,BZ04LP8,U.S. Investment Grade Credit Index Fund Institutional Plus USD Dist,USD,2023-05-05,92.6083,-0.23319999999999652,-0.25,0.08000000000000000166533453693773481063544750213623046875,Ireland
IE00B04GQX83,B04GQX8,U.S. Investment Grade Credit Index Fund USD Acc,USD,2023-05-05,195.5697,-0.49279999999998836,-0.25,0.11999999999999999555910790149937383830547332763671875,Ireland
IE00B04GQV69,B04GQV6,U.S. Investment Grade Credit Index Institutional EUR Shares,EUR,2018-09-13,99.1806,0.026962999999994963,0.03,0.25,Ireland
IE00BZ04LR00,BZ04LR0,U.S. Investment Grade Credit Index Institutional Plus CHF Hedged Shares,CHF,2018-09-13,101.7652,0.431635,0.43,0.1000000000000000055511151231257827021181583404541015625,Ireland
IE00B04GQW76,B04GQW7,U.S. Investment Grade Credit Index Investor USD Shares,USD,2020-06-19,126.3129,0.1500999999999948,0.12,0.11999999999999999555910790149937383830547332763671875,Ireland
IE00B04GR134,B04GR13,U.S. Mortgage Backed Securities Bond Index Fund USD Institutional Shares,USD,2014-11-19,156.3718,0.03390000000001692,0.02,0.200000000000000011102230246251565404236316680908203125,Ireland
IE00B03HCV24,B03HCV2,U.S. Opportunities Fund EUR Investor Shares,EUR,2023-05-05,1293.2077,22.279399999999896,1.75,0.9499999999999999555910790149937383830547332763671875,Ireland
IE00B1GHC616,B1GHC61,U.S. Opportunities Fund GBP Investor Dist Shares,GBP,2023-05-05,1127.5288,16.06470000000013,1.45,0.9499999999999999555910790149937383830547332763671875,Ireland
IE00B03HCY54,B03HCY5,U.S. Opportunities Fund USD Institutional Shares,USD,2023-05-05,1206.6873,21.438499999999976,1.81,0.84999999999999997779553950749686919152736663818359375,Ireland
IE00B03HCW31,B03HCW3,U.S. Opportunities Fund USD Investor Shares,USD,2023-05-05,1423.5186,25.287000000000035,1.81,0.9499999999999999555910790149937383830547332763671875,Ireland
IE0002642597,0264259,U.S. Ultra-Short-Term Bond Fund Institutional Shares USD,USD,2018-11-29,10.0075,0.00019999999999953388,0.00,0.25,Ireland
IE0002642480,0264248,U.S. Ultra-Short-Term Bond Fund USD Investor Shares,USD,2018-11-29,10.0075,0.0003000000000010772,0.00,0.299999999999999988897769753748434595763683319091796875,Ireland
IE00B065Q50,B1065Q5,U.S.A. Stock Index Fund CCF,USD,2009-10-13,89.3391,-0.2557999999999936,-0.29,0.299999999999999988897769753748434595763683319091796875,Ireland
IE00BD87Q617,BD87Q61,US Treasury Inflation-Protected Securities Index Fund Select CHF Hedged Accumulation Shares,CHF,2023-05-05,99.3227,-0.2102000000000004,-0.21,0.0899999999999999966693309261245303787291049957275390625,Ireland
IE00BD87Q724,BD87Q72,US Treasury Inflation-Protected Securities Index Fund Select CHF Hedged Income Shares,CHF,2023-05-05,81.1467,-0.172300000000007,-0.21,0.0899999999999999966693309261245303787291049957275390625,Ireland
IE00BD87Q831,BD87Q83,US Treasury Inflation-Protected Securities Index Fund Select EUR Hedged Accumulation Shares,EUR,2023-05-05,102.4713,-0.20940000000000225,-0.20,0.0899999999999999966693309261245303787291049957275390625,Ireland
IE00BD87Q948,BD87Q94,US Treasury Inflation-Protected Securities Index Fund Select EUR Hedged Income Shares,EUR,2023-05-05,84.0373,-0.1722999999999928,-0.20,0.0899999999999999966693309261245303787291049957275390625,Ireland
IE00BD87QC73,BD87QC7,US Treasury Inflation-Protected Securities Index Fund Select GBP Hedged Accumulation Shares,GBP,2023-05-05,109.2148,-0.21560000000000912,-0.20,0.0899999999999999966693309261245303787291049957275390625,Ireland
IE00BD87QD80,BD87QD8,US Treasury Inflation-Protected Securities Index Fund Select GBP Hedged Income Shares,GBP,2023-05-05,89.0782,-0.17710000000001003,-0.20,0.0899999999999999966693309261245303787291049957275390625,Ireland
IE00BD87QR27,BD87QR2,US Treasury Inflation-Protected Securities Index Fund Select SGD Hedged Accumulation Shares,SGD,2023-05-05,114.2039,-0.2266999999999939,-0.20,0.0899999999999999966693309261245303787291049957275390625,Ireland
IE00BD87Q492,BD87Q49,US Treasury Inflation-Protected Securities Index Fund Select USD Accumulation Shares,USD,2023-05-05,117.1067,-0.2300999999999931,-0.20,0.0899999999999999966693309261245303787291049957275390625,Ireland
IE00BD87Q500,BD87Q50,US Treasury Inflation-Protected Securities Index Fund Select USD Income Shares,USD,2023-05-05,96.3159,-0.1891999999999996,-0.20,0.0899999999999999966693309261245303787291049957275390625,Ireland
